﻿Tabelle: 61111-0002
Verbraucherpreisindex: Deutschland, Monate;;;;
Verbraucherpreisindex für Deutschland;;;;;;;
Deutschland;;;;;;;
;;Verbraucherpreisindex;;Veränderung zum Vorjahresmonat;;Veränderung zum Vormonat;
;;2020=100;2020=100;in (%);in (%);in (%);in (%)
1991;Januar;60,5;e;.;;.;
;Februar;60,8;e;.;;0,5;e
;März;60,8;e;.;;-;
;April;61,0;e;.;;0,3;e
;Mai;61,1;e;.;;0,2;e
;Juni;61,5;e;.;;0,7;e
;Juli;62,2;e;.;;1,1;e
;August;62,2;e;.;;-;
;September;62,2;e;.;;-;
;Oktober;63,2;e;.;;1,6;e
;November;63,4;e;.;;0,3;e
;Dezember;63,5;e;.;;0,2;e
1992;Januar;63,9;e;5,6;e;0,6;e
;Februar;64,3;e;5,8;e;0,6;e
;März;64,5;e;6,1;e;0,3;e
;April;64,7;e;6,1;e;0,3;e
;Mai;64,9;e;6,2;e;0,3;e
;Juni;65,1;e;5,9;e;0,3;e
;Juli;65,3;e;5,0;e;0,3;e
;August;65,3;e;5,0;e;-;
;September;65,3;e;5,0;e;-;
;Oktober;65,3;e;3,3;e;-;
;November;65,6;e;3,5;e;0,5;e
;Dezember;65,7;e;3,5;e;0,2;e
1993;Januar;66,8;e;4,5;e;1,7;e
;Februar;67,3;e;4,7;e;0,7;e
;März;67,5;e;4,7;e;0,3;e
;April;67,7;e;4,6;e;0,3;e
;Mai;67,8;e;4,5;e;0,1;e
;Juni;68,0;e;4,5;e;0,3;e
;Juli;68,3;e;4,6;e;0,4;e
;August;68,3;e;4,6;e;-;
;September;68,2;e;4,4;e;-0,1;e
;Oktober;68,2;e;4,4;e;-;
;November;68,3;e;4,1;e;0,1;e
;Dezember;68,5;e;4,3;e;0,3;e
1994;Januar;68,8;e;3,0;e;0,4;e
;Februar;69,4;e;3,1;e;0,9;e
;März;69,5;e;3,0;e;0,1;e
;April;69,6;e;2,8;e;0,1;e
;Mai;69,7;e;2,8;e;0,1;e
;Juni;69,8;e;2,6;e;0,1;e
;Juli;69,9;e;2,3;e;0,1;e
;August;70,1;e;2,6;e;0,3;e
;September;69,9;e;2,5;e;-0,3;e
;Oktober;69,8;e;2,3;e;-0,1;e
;November;69,9;e;2,3;e;0,1;e
;Dezember;70,1;e;2,3;e;0,3;e
1995;Januar;70,4;e;2,3;e;0,4;e
;Februar;70,8;e;2,0;e;0,6;e
;März;70,8;e;1,9;e;-;
;April;70,9;e;1,9;e;0,1;e
;Mai;70,9;e;1,7;e;-;
;Juni;71,0;e;1,7;e;0,1;e
;Juli;71,2;e;1,9;e;0,3;e
;August;71,2;e;1,6;e;-;
;September;71,2;e;1,9;e;-;
;Oktober;71,0;e;1,7;e;-0,3;e
;November;71,0;e;1,6;e;-;
;Dezember;71,2;e;1,6;e;0,3;e
1996;Januar;71,4;e;1,4;e;0,3;e
;Februar;71,8;e;1,4;e;0,6;e
;März;71,8;e;1,4;e;-;
;April;71,8;e;1,3;e;-;
;Mai;71,9;e;1,4;e;0,1;e
;Juni;72,0;e;1,4;e;0,1;e
;Juli;72,1;e;1,3;e;0,1;e
;August;72,1;e;1,3;e;-;
;September;72,1;e;1,3;e;-;
;Oktober;72,1;e;1,5;e;-;
;November;72,0;e;1,4;e;-0,1;e
;Dezember;72,3;e;1,5;e;0,4;e
1997;Januar;72,9;e;2,1;e;0,8;e
;Februar;73,0;e;1,7;e;0,1;e
;März;73,0;e;1,7;e;-;
;April;72,9;e;1,5;e;-0,1;e
;Mai;73,1;e;1,7;e;0,3;e
;Juni;73,1;e;1,5;e;-;
;Juli;73,8;e;2,4;e;1,0;e
;August;73,8;e;2,4;e;-;
;September;73,7;e;2,2;e;-0,1;e
;Oktober;73,6;e;2,1;e;-0,1;e
;November;73,6;e;2,2;e;-;
;Dezember;73,8;e;2,1;e;0,3;e
1998;Januar;73,8;e;1,2;e;-;
;Februar;73,9;e;1,2;e;0,1;e
;März;73,8;e;1,1;e;-0,1;e
;April;73,9;e;1,4;e;0,1;e
;Mai;74,0;e;1,2;e;0,1;e
;Juni;74,1;e;1,4;e;0,1;e
;Juli;74,4;e;0,8;e;0,4;e
;August;74,2;e;0,5;e;-0,3;e
;September;74,0;e;0,4;e;-0,3;e
;Oktober;73,9;e;0,4;e;-0,1;e
;November;73,9;e;0,4;e;-;
;Dezember;74,0;e;0,3;e;0,1;e
1999;Januar;73,9;e;0,1;e;-0,1;e
;Februar;74,0;e;0,1;e;0,1;e
;März;74,0;e;0,3;e;-;
;April;74,4;e;0,7;e;0,5;e
;Mai;74,4;e;0,5;e;-;
;Juni;74,5;e;0,5;e;0,1;e
;Juli;74,8;e;0,5;e;0,4;e
;August;74,8;e;0,8;e;-;
;September;74,6;e;0,8;e;-0,3;e
;Oktober;74,5;e;0,8;e;-0,1;e
;November;74,7;e;1,1;e;0,3;e
;Dezember;74,9;e;1,2;e;0,3;e
2000;Januar;75,1;e;1,6;e;0,3;e
;Februar;75,1;e;1,5;e;-;
;März;75,1;e;1,5;e;-;
;April;75,1;e;0,9;e;-;
;Mai;75,1;e;0,9;e;-;
;Juni;75,4;e;1,2;e;0,4;e
;Juli;75,8;e;1,3;e;0,5;e
;August;75,6;e;1,1;e;-0,3;e
;September;75,8;e;1,6;e;0,3;e
;Oktober;75,7;e;1,6;e;-0,1;e
;November;75,8;e;1,5;e;0,1;e
;Dezember;76,4;e;2,0;e;0,8;e
2001;Januar;76,2;e;1,5;e;-0,3;e
;Februar;76,6;e;2,0;e;0,5;e
;März;76,6;e;2,0;e;-;
;April;76,9;e;2,4;e;0,4;e
;Mai;77,2;e;2,8;e;0,4;e
;Juni;77,3;e;2,5;e;0,1;e
;Juli;77,4;e;2,1;e;0,1;e
;August;77,2;e;2,1;e;-0,3;e
;September;77,2;e;1,8;e;-;
;Oktober;77,1;e;1,8;e;-0,1;e
;November;76,9;e;1,5;e;-0,3;e
;Dezember;77,7;e;1,7;e;1,0;e
2002;Januar;77,7;e;2,0;e;-;
;Februar;78,0;e;1,8;e;0,4;e
;März;78,2;e;2,1;e;0,3;e
;April;78,1;e;1,6;e;-0,1;e
;Mai;78,2;e;1,3;e;0,1;e
;Juni;78,2;e;1,2;e;-;
;Juli;78,3;e;1,2;e;0,1;e
;August;78,2;e;1,3;e;-0,1;e
;September;78,2;e;1,3;e;-;
;Oktober;78,1;e;1,3;e;-0,1;e
;November;77,8;e;1,2;e;-0,4;e
;Dezember;78,5;e;1,0;e;0,9;e
2003;Januar;78,5;e;1,0;e;-;
;Februar;79,0;e;1,3;e;0,6;e
;März;79,0;e;1,0;e;-;
;April;78,8;e;0,9;e;-0,3;e
;Mai;78,6;e;0,5;e;-0,3;e
;Juni;78,9;e;0,9;e;0,4;e
;Juli;79,0;e;0,9;e;0,1;e
;August;79,0;e;1,0;e;-;
;September;79,0;e;1,0;e;-;
;Oktober;79,0;e;1,2;e;-;
;November;78,8;e;1,3;e;-0,3;e
;Dezember;79,4;e;1,1;e;0,8;e
2004;Januar;79,4;e;1,1;e;-;
;Februar;79,6;e;0,8;e;0,3;e
;März;79,9;e;1,1;e;0,4;e
;April;80,1;e;1,6;e;0,3;e
;Mai;80,3;e;2,2;e;0,2;e
;Juni;80,3;e;1,8;e;-;
;Juli;80,4;e;1,8;e;0,1;e
;August;80,5;e;1,9;e;0,1;e
;September;80,3;e;1,6;e;-0,2;e
;Oktober;80,4;e;1,8;e;0,1;e
;November;80,3;e;1,9;e;-0,1;e
;Dezember;81,2;e;2,3;e;1,1;e
2005;Januar;80,6;e;1,5;e;-0,7;e
;Februar;80,9;e;1,6;e;0,4;e
;März;81,3;e;1,8;e;0,5;e
;April;81,0;e;1,1;e;-0,4;e
;Mai;81,2;e;1,1;e;0,2;e
;Juni;81,3;e;1,2;e;0,1;e
;Juli;81,7;e;1,6;e;0,5;e
;August;81,8;e;1,6;e;0,1;e
;September;81,9;e;2,0;e;0,1;e
;Oktober;81,9;e;1,9;e;-;
;November;81,7;e;1,7;e;-0,2;e
;Dezember;82,3;e;1,4;e;0,7;e
2006;Januar;82,0;e;1,7;e;-0,4;e
;Februar;82,4;e;1,9;e;0,5;e
;März;82,4;e;1,4;e;-;
;April;82,7;e;2,1;e;0,4;e
;Mai;82,7;e;1,8;e;-;
;Juni;82,9;e;2,0;e;0,2;e
;Juli;83,2;e;1,8;e;0,4;e
;August;83,0;e;1,5;e;-0,2;e
;September;82,7;e;1,0;e;-0,4;e
;Oktober;82,8;e;1,1;e;0,1;e
;November;82,8;e;1,3;e;-;
;Dezember;83,5;e;1,5;e;0,8;e
2007;Januar;83,5;e;1,8;e;-;
;Februar;83,8;e;1,7;e;0,4;e
;März;84,0;e;1,9;e;0,2;e
;April;84,4;e;2,1;e;0,5;e
;Mai;84,4;e;2,1;e;-;
;Juni;84,5;e;1,9;e;0,1;e
;Juli;84,9;e;2,0;e;0,5;e
;August;84,8;e;2,2;e;-0,1;e
;September;84,9;e;2,7;e;0,1;e
;Oktober;85,1;e;2,8;e;0,2;e
;November;85,6;e;3,4;e;0,6;e
;Dezember;86,1;e;3,1;e;0,6;e
2008;Januar;85,8;e;2,8;e;-0,3;e
;Februar;86,2;e;2,9;e;0,5;e
;März;86,6;e;3,1;e;0,5;e
;April;86,4;e;2,4;e;-0,2;e
;Mai;86,9;e;3,0;e;0,6;e
;Juni;87,2;e;3,2;e;0,3;e
;Juli;87,7;e;3,3;e;0,6;e
;August;87,4;e;3,1;e;-0,3;e
;September;87,4;e;2,9;e;-;
;Oktober;87,2;e;2,5;e;-0,2;e
;November;86,8;e;1,4;e;-0,5;e
;Dezember;87,0;e;1,0;e;0,2;e
2009;Januar;86,6;e;0,9;e;-0,5;e
;Februar;87,1;e;1,0;e;0,6;e
;März;87,0;e;0,5;e;-0,1;e
;April;87,0;e;0,7;e;-;
;Mai;87,0;e;0,1;e;-;
;Juni;87,3;e;0,1;e;0,3;e
;Juli;87,3;e;-0,5;e;-;
;August;87,5;e;0,1;e;0,2;e
;September;87,1;e;-0,3;e;-0,5;e
;Oktober;87,2;e;-;;0,1;e
;November;87,1;e;0,3;e;-0,1;e
;Dezember;87,8;e;0,9;e;0,8;e
2010;Januar;87,3;e;0,8;e;-0,6;e
;Februar;87,6;e;0,6;e;0,3;e
;März;88,1;e;1,3;e;0,6;e
;April;88,1;e;1,3;e;-;
;Mai;88,1;e;1,3;e;-;
;Juni;88,1;e;0,9;e;-;
;Juli;88,2;e;1,0;e;0,1;e
;August;88,3;e;0,9;e;0,1;e
;September;88,2;e;1,3;e;-0,1;e
;Oktober;88,3;e;1,3;e;0,1;e
;November;88,4;e;1,5;e;0,1;e
;Dezember;89,0;e;1,4;e;0,7;e
2011;Januar;88,7;e;1,6;e;-0,3;e
;Februar;89,3;e;1,9;e;0,7;e
;März;89,8;e;1,9;e;0,6;e
;April;89,8;e;1,9;e;-;
;Mai;89,8;e;1,9;e;-;
;Juni;89,9;e;2,0;e;0,1;e
;Juli;90,1;e;2,2;e;0,2;e
;August;90,2;e;2,2;e;0,1;e
;September;90,3;e;2,4;e;0,1;e
;Oktober;90,4;e;2,4;e;0,1;e
;November;90,5;e;2,4;e;0,1;e
;Dezember;90,7;e;1,9;e;0,2;e
2012;Januar;90,6;e;2,1;e;-0,1;e
;Februar;91,2;e;2,1;e;0,7;e
;März;91,7;e;2,1;e;0,5;e
;April;91,6;e;2,0;e;-0,1;e
;Mai;91,5;e;1,9;e;-0,1;e
;Juni;91,4;e;1,7;e;-0,1;e
;Juli;91,7;e;1,8;e;0,3;e
;August;92,1;e;2,1;e;0,4;e
;September;92,2;e;2,1;e;0,1;e
;Oktober;92,2;e;2,0;e;-;
;November;92,2;e;1,9;e;-;
;Dezember;92,5;e;2,0;e;0,3;e
2013;Januar;92,1;e;1,7;e;-0,4;e
;Februar;92,6;e;1,5;e;0,5;e
;März;93,0;e;1,4;e;0,4;e
;April;92,6;e;1,1;e;-0,4;e
;Mai;93,0;e;1,6;e;0,4;e
;Juni;93,1;e;1,9;e;0,1;e
;Juli;93,5;e;2,0;e;0,4;e
;August;93,5;e;1,5;e;-;
;September;93,5;e;1,4;e;-;
;Oktober;93,3;e;1,2;e;-0,2;e
;November;93,5;e;1,4;e;0,2;e
;Dezember;93,9;e;1,5;e;0,4;e
2014;Januar;93,3;e;1,3;e;-0,6;e
;Februar;93,8;e;1,3;e;0,5;e
;März;94,0;e;1,1;e;0,2;e
;April;93,9;e;1,4;e;-0,1;e
;Mai;93,8;e;0,9;e;-0,1;e
;Juni;94,0;e;1,0;e;0,2;e
;Juli;94,3;e;0,9;e;0,3;e
;August;94,3;e;0,9;e;-;
;September;94,3;e;0,9;e;-;
;Oktober;94,1;e;0,9;e;-0,2;e
;November;94,1;e;0,6;e;-;
;Dezember;94,0;e;0,1;e;-0,1;e
2015;Januar;93,1;e;-0,2;e;-1,0;e
;Februar;93,8;e;-;;0,8;e
;März;94,3;e;0,3;e;0,5;e
;April;94,7;e;0,9;e;0,4;e
;Mai;94,9;e;1,2;e;0,2;e
;Juni;94,9;e;1,0;e;-;
;Juli;95,1;e;0,8;e;0,2;e
;August;95,0;e;0,7;e;-0,1;e
;September;94,9;e;0,6;e;-0,1;e
;Oktober;94,9;e;0,9;e;-;
;November;94,3;e;0,2;e;-0,6;e
;Dezember;94,3;e;0,3;e;-;
2016;Januar;93,6;e;0,5;e;-0,7;e
;Februar;93,9;e;0,1;e;0,3;e
;März;94,5;e;0,2;e;0,6;e
;April;94,6;e;-0,1;e;0,1;e
;Mai;95,1;e;0,2;e;0,5;e
;Juni;95,2;e;0,3;e;0,1;e
;Juli;95,5;e;0,4;e;0,3;e
;August;95,4;e;0,4;e;-0,1;e
;September;95,5;e;0,6;e;0,1;e
;Oktober;95,6;e;0,7;e;0,1;e
;November;95,0;e;0,7;e;-0,6;e
;Dezember;95,6;e;1,4;e;0,6;e
2017;Januar;95,1;e;1,6;e;-0,5;e
;Februar;95,6;e;1,8;e;0,5;e
;März;95,8;e;1,4;e;0,2;e
;April;96,2;e;1,7;e;0,4;e
;Mai;96,2;e;1,2;e;-;
;Juni;96,5;e;1,4;e;0,3;e
;Juli;96,9;e;1,5;e;0,4;e
;August;97,0;e;1,7;e;0,1;e
;September;97,0;e;1,6;e;-;
;Oktober;96,9;e;1,4;e;-0,1;e
;November;96,5;e;1,6;e;-0,4;e
;Dezember;96,9;e;1,4;e;0,4;e
2018;Januar;96,4;e;1,4;e;-0,5;e
;Februar;96,7;e;1,2;e;0,3;e
;März;97,2;e;1,5;e;0,5;e
;April;97,5;e;1,4;e;0,3;e
;Mai;98,2;e;2,1;e;0,7;e
;Juni;98,3;e;1,9;e;0,1;e
;Juli;98,7;e;1,9;e;0,4;e
;August;98,8;e;1,9;e;0,1;e
;September;99,0;e;2,1;e;0,2;e
;Oktober;99,1;e;2,3;e;0,1;e
;November;98,5;e;2,1;e;-0,6;e
;Dezember;98,5;e;1,7;e;-;
2019;Januar;97,7;e;1,3;e;-0,8;e
;Februar;98,1;e;1,4;e;0,4;e
;März;98,5;e;1,3;e;0,4;e
;April;99,4;e;1,9;e;0,9;e
;Mai;99,6;e;1,4;e;0,2;e
;Juni;99,9;e;1,6;e;0,3;e
;Juli;100,3;e;1,6;e;0,4;e
;August;100,2;e;1,4;e;-0,1;e
;September;100,2;e;1,2;e;-;
;Oktober;100,2;e;1,1;e;-;
;November;99,5;e;1,0;e;-0,7;e
;Dezember;100,0;e;1,5;e;0,5;e
2020;Januar;99,8;e;2,1;e;-0,2;e
;Februar;100,1;e;2,0;e;0,3;e
;März;100,3;e;1,8;e;0,2;e
;April;100,4;e;1,0;e;0,1;e
;Mai;100,4;e;0,8;e;-;
;Juni;100,5;e;0,6;e;0,1;e
;Juli;99,7;e;-0,6;e;-0,8;e
;August;99,7;e;-0,5;e;-;
;September;99,7;e;-0,5;e;-;
;Oktober;99,9;e;-0,3;e;0,2;e
;November;99,7;e;0,2;e;-0,2;e
;Dezember;99,8;e;-0,2;e;0,1;e
2021;Januar;101,0;e;1,2;e;1,2;e
;Februar;101,6;e;1,5;e;0,6;e
;März;102,1;e;1,8;e;0,5;e
;April;102,4;e;2,0;e;0,3;e
;Mai;102,6;e;2,2;e;0,2;e
;Juni;102,9;e;2,4;e;0,3;e
;Juli;103,4;e;3,7;e;0,5;e
;August;103,5;e;3,8;e;0,1;e
;September;103,8;e;4,1;e;0,3;e
;Oktober;104,3;e;4,4;e;0,5;e
;November;104,5;e;4,8;e;0,2;e
;Dezember;104,7;e;4,9;e;0,2;e
2022;Januar;105,2;e;4,2;e;0,5;e
;Februar;106,0;e;4,3;e;0,8;e
;März;108,1;e;5,9;e;2,0;e
;April;108,8;e;6,3;e;0,6;e
;Mai;109,8;e;7,0;e;0,9;e
;Juni;109,8;e;6,7;e;-;
;Juli;110,3;e;6,7;e;0,5;e
;August;110,7;e;7,0;e;0,4;e
;September;112,7;e;8,6;e;1,8;e
;Oktober;113,5;e;8,8;e;0,7;e
;November;113,7;e;8,8;e;0,2;e
;Dezember;113,2;e;8,1;e;-0,4;e
2023;Januar;114,3;e;8,7;e;1,0;e
;Februar;115,2;e;8,7;e;0,8;e
;März;116,1;e;7,4;e;0,8;e
;April;116,6;e;7,2;e;0,4;e
;Mai;116,5;e;6,1;e;-0,1;e
;Juni;116,8;e;6,4;e;0,3;e
;Juli;117,1;e;6,2;e;0,3;e
;August;117,5;e;6,1;e;0,3;e
;September;117,8;e;4,5;e;0,3;e
;Oktober;117,8;e;3,8;e;-;
;November;117,3;e;3,2;e;-0,4;e
;Dezember;117,4;e;3,7;e;0,1;e
2024;Januar;117,6;e;2,9;e;0,2;e
;Februar;118,1;e;2,5;e;0,4;e
;März;118,6;e;2,2;e;0,4;e
;April;119,2;e;2,2;e;0,5;e
;Mai;119,3;e;2,4;e;0,1;e
;Juni;119,4;e;2,2;e;0,1;e
;Juli;119,8;e;2,3;e;0,3;e
;August;119,7;e;1,9;e;-0,1;e
;September;119,7;e;1,6;e;-;
;Oktober;120,2;e;2,0;e;0,4;e
;November;...;;...;;...;
;Dezember;...;;...;;...;
__________
© Statistisches Bundesamt (Destatis), 2024
Stand: 22.11.2024 / 06:58:59
